{
    "questions_evaluated": 10,
    "retrieval": {
        "Precision@5": 0.5999999999999999,
        "Recall@5": 1.0,
        "MRR": 1.0,
        "NDCG@5": 1.0,
        "HitRate@5": 1.0
    },
    "generation": {
        "BLEU-1": 0.5968679951110251,
        "BLEU-2": 0.5448278273765248,
        "BLEU-4": 0.46954129576902703,
        "GLEU": 0.49378299254789393,
        "ROUGE-1": 0.7563164377410754,
        "ROUGE-2": 0.6270253837251045,
        "ROUGE-L": 0.7247988336624378,
        "METEOR": 0.7202963782747672,
        "Answer-F1": 0.6697621302313168,
        "BERTScore": 0.9488739371299744
    },
    "rag_metrics": {
        "Faithfulness": 0.9488739371299744,
        "Context Relevancy": 0.9136333333333333,
        "Answer Relevancy": 0.9488739371299744,
        "Hallucination Rate": 0.051126062870025635
    },
    "avg_latency_sec": 15.173162269592286
}