{
    "questions_evaluated": 10,
    "retrieval": {
        "Precision@5": 0.5999999999999999,
        "Recall@5": 1.0,
        "MRR": 1.0,
        "NDCG@5": 1.0,
        "HitRate@5": 1.0
    },
    "generation": {
        "BLEU-1": 0.5388545967478952,
        "BLEU-2": 0.47368183411328013,
        "BLEU-4": 0.40139820902689644,
        "GLEU": 0.42674441357397824,
        "ROUGE-1": 0.6755094066084336,
        "ROUGE-2": 0.5219691396274382,
        "ROUGE-L": 0.6519934481186075,
        "METEOR": 0.6218491346189196,
        "Answer-F1": 0.6092424563558921,
        "BERTScore": 0.9339436709880828
    },
    "rag_metrics": {
        "Faithfulness": 0.9339436709880828,
        "Context Relevancy": 1.0,
        "Answer Relevancy": 0.9339436709880828,
        "Hallucination Rate": 0.06605632901191716
    },
    "avg_latency_sec": 13.547391748428344
}